{"Epoch": 5, "Train Loss": 179.81202010652436, "Learning Rate": 0.0007737809374999998, "_timestamp": 1705532554.6019158, "_runtime": 140.86344194412231, "_step": 9, "Predictions": {"_type": "table-file", "sha256": "459e7b6948dd263183dc72938143d95b52d505ccc3721764eb9f4c5ffbef088f", "size": 59, "artifact_path": "wandb-client-artifact://xdbtrz16n5zl88a6q4dd75owevi793wigs8rrirrdi7covko87kcbemx5jzzismpcowgzid9faueqn2vk37jb74aaepbfi92py5luo2m1wi9d7qrq4ln918zb97o0odk:latest/Predictions.table.json", "_latest_artifact_path": "wandb-client-artifact://xdbtrz16n5zl88a6q4dd75owevi793wigs8rrirrdi7covko87kcbemx5jzzismpcowgzid9faueqn2vk37jb74aaepbfi92py5luo2m1wi9d7qrq4ln918zb97o0odk:latest/Predictions.table.json", "path": "media/table/Predictions_9_459e7b6948dd263183dc.table.json", "ncols": 2, "nrows": 0}, "_wandb": {"runtime": 142}}