{"Epoch": 10, "Train Loss": 0.2188096727643694, "Learning Rate": 0.0005987369392383785, "_timestamp": 1705569064.386211, "_runtime": 289.51067900657654, "_step": 9, "_wandb": {"runtime": 288}}