{"Epoch": 10, "Train Loss": 0.08730611630848475, "Learning Rate": 5.906232130221677e-05, "_timestamp": 1705571578.0118508, "_runtime": 325.07598972320557, "_step": 14, "Predictions": {"_type": "table-file", "sha256": "459e7b6948dd263183dc72938143d95b52d505ccc3721764eb9f4c5ffbef088f", "size": 59, "artifact_path": "wandb-client-artifact://2vuc1u20fapvzxo9p8e19mt1oxrnekxmh4gulcizs0odyinbd7i5t9g9h8m2o5w2xjv1kevawraw02fqjt6qnois9z56ijkf4uq3lyk4amixzt8by9jgb75oy4zo3o9q:latest/Predictions.table.json", "_latest_artifact_path": "wandb-client-artifact://2vuc1u20fapvzxo9p8e19mt1oxrnekxmh4gulcizs0odyinbd7i5t9g9h8m2o5w2xjv1kevawraw02fqjt6qnois9z56ijkf4uq3lyk4amixzt8by9jgb75oy4zo3o9q:latest/Predictions.table.json", "path": "media/table/Predictions_14_459e7b6948dd263183dc.table.json", "ncols": 2, "nrows": 0}, "_wandb": {"runtime": 327}}