{"Epoch": 9, "Train Loss": 0.2791963302045374, "Learning Rate": 4.605366583984378e-06, "_timestamp": 1705570684.0874848, "_runtime": 272.0108788013458, "_step": 8, "_wandb": {"runtime": 290}}