{"Epoch": 1, "Train Loss": -166.00218747727882, "Learning Rate": 0.00095, "_timestamp": 1705531915.3493514, "_runtime": 29.175451517105103, "_step": 0, "_wandb": {"runtime": 28}}