{"Epoch": 8, "Train Loss": NaN, "Learning Rate": 0.20906286173753902, "_timestamp": 1705532898.3193712, "_runtime": 202.8876132965088, "_step": 7, "_wandb": {"runtime": 212}}