{"Epoch": 10, "Train Loss": 0.10188395471616823, "Learning Rate": 7.598854863574225e-07, "_timestamp": 1705571211.8834424, "_runtime": 492.7819993495941, "_step": 14, "Predictions": {"_type": "table-file", "sha256": "459e7b6948dd263183dc72938143d95b52d505ccc3721764eb9f4c5ffbef088f", "size": 59, "artifact_path": "wandb-client-artifact://h3bdzgiztivhj8332twl489p5uiwsd8yzcssmjhqbaummx2brgon0p44fn8qb1mmolvo757t17nmkemshhr17pl5z9x6n8ohhgpffpwbojgbvt5laizke5u5vvk5is3t:latest/Predictions.table.json", "_latest_artifact_path": "wandb-client-artifact://h3bdzgiztivhj8332twl489p5uiwsd8yzcssmjhqbaummx2brgon0p44fn8qb1mmolvo757t17nmkemshhr17pl5z9x6n8ohhgpffpwbojgbvt5laizke5u5vvk5is3t:latest/Predictions.table.json", "path": "media/table/Predictions_14_459e7b6948dd263183dc.table.json", "ncols": 2, "nrows": 0}, "_wandb": {"runtime": 494}}