{"Epoch": 6, "Train Loss": -115.79084043019378, "Learning Rate": 0.0007350918906249997, "_timestamp": 1705531870.2872896, "_runtime": 153.45620155334473, "_step": 5, "_wandb": {"runtime": 153}}