{"Epoch": 3, "Train Loss": -260.8197539533888, "Learning Rate": 0.000857375, "_timestamp": 1705532681.7564929, "_runtime": 98.23478078842163, "_step": 7, "Predictions": {"_type": "table-file", "sha256": "459e7b6948dd263183dc72938143d95b52d505ccc3721764eb9f4c5ffbef088f", "size": 59, "artifact_path": "wandb-client-artifact://il0t6w22umx370x4tzqv09k6nefau6ccxnmp1xl5qlrv95psol3ukeo694qkqtocwsnkg3rqxnx48c7pggdhy1l5vtbl843mtsqq55zpxwz025khyrw3rhpba8yyu3wc:latest/Predictions.table.json", "_latest_artifact_path": "wandb-client-artifact://il0t6w22umx370x4tzqv09k6nefau6ccxnmp1xl5qlrv95psol3ukeo694qkqtocwsnkg3rqxnx48c7pggdhy1l5vtbl843mtsqq55zpxwz025khyrw3rhpba8yyu3wc:latest/Predictions.table.json", "path": "media/table/Predictions_7_459e7b6948dd263183dc.table.json", "ncols": 2, "nrows": 0}, "_wandb": {"runtime": 99}}