{"Epoch": 9, "Train Loss": -54.99108668845919, "Learning Rate": 0.000630249409724609, "_timestamp": 1705532227.8179865, "_runtime": 247.21910643577576, "_step": 13, "Predictions": {"_type": "table-file", "sha256": "459e7b6948dd263183dc72938143d95b52d505ccc3721764eb9f4c5ffbef088f", "size": 59, "artifact_path": "wandb-client-artifact://wvmxarlyfl9tmdgdt5770kb51mfc57kqgc3q5ayb1m89daewsvqfjtpamybocksb1tqe5u2f8z4aspefiux8vytuxeiec7nt2c24txiup3ojqjmb4s6320mr67h1grvo:latest/Predictions.table.json", "_latest_artifact_path": "wandb-client-artifact://wvmxarlyfl9tmdgdt5770kb51mfc57kqgc3q5ayb1m89daewsvqfjtpamybocksb1tqe5u2f8z4aspefiux8vytuxeiec7nt2c24txiup3ojqjmb4s6320mr67h1grvo:latest/Predictions.table.json", "path": "media/table/Predictions_13_459e7b6948dd263183dc.table.json", "ncols": 2, "nrows": 0}, "_wandb": {"runtime": 248}}