{"Epoch": 4, "Train Loss": NaN, "Learning Rate": 0.014459006249999998, "_timestamp": 1705533024.8437037, "_runtime": 102.27194571495056, "_step": 3, "_wandb": {"runtime": 103}}