{"Epoch": 14, "Train Loss": -105.83007717572049, "Learning Rate": 0.00010276966953088431, "_timestamp": 1705533499.9139225, "_runtime": 427.4769434928894, "_step": 18, "Predictions": {"_type": "table-file", "sha256": "459e7b6948dd263183dc72938143d95b52d505ccc3721764eb9f4c5ffbef088f", "size": 59, "artifact_path": "wandb-client-artifact://l2kqh5lz4jzji9e28cg7s2a74ueyiuunsu1sc7ghf8t1audkx70yvitlnn1l6vetg52eurgfmru6chwgaluzlsmjxy27coj39a9qih6ahabgu1cxwb3394of0aklmvzf:latest/Predictions.table.json", "_latest_artifact_path": "wandb-client-artifact://l2kqh5lz4jzji9e28cg7s2a74ueyiuunsu1sc7ghf8t1audkx70yvitlnn1l6vetg52eurgfmru6chwgaluzlsmjxy27coj39a9qih6ahabgu1cxwb3394of0aklmvzf:latest/Predictions.table.json", "path": "media/table/Predictions_18_459e7b6948dd263183dc.table.json", "ncols": 2, "nrows": 0}, "_wandb": {"runtime": 428}}