{"Epoch": 7, "Train Loss": 79.64797480754589, "Learning Rate": 0.00020950118882812497, "_timestamp": 1705531674.8694017, "_runtime": 194.49905562400818, "_step": 11, "Predictions": {"_type": "table-file", "sha256": "459e7b6948dd263183dc72938143d95b52d505ccc3721764eb9f4c5ffbef088f", "size": 59, "artifact_path": "wandb-client-artifact://i0orm352np5wer1hsqopq1rfxtpuu52i3yflm7dxjh8ltnl1l6pibwzv10z1m6k9jzylajtmbaj2qbqzb6xows4h2lbs4ldfr0su5cpuqi8p798d5fupn5c56pmyx7v9:latest/Predictions.table.json", "_latest_artifact_path": "wandb-client-artifact://i0orm352np5wer1hsqopq1rfxtpuu52i3yflm7dxjh8ltnl1l6pibwzv10z1m6k9jzylajtmbaj2qbqzb6xows4h2lbs4ldfr0su5cpuqi8p798d5fupn5c56pmyx7v9:latest/Predictions.table.json", "path": "media/table/Predictions_11_459e7b6948dd263183dc.table.json", "ncols": 2, "nrows": 0}, "_wandb": {"runtime": 195}}